[{"model": "admin.logentry", "pk": 1, "fields": {"action_time": "2023-06-02T18:09:01.121Z", "user": 1, "content_type": 6, "object_id": "6", "object_repr": "p", "action_flag": 3, "change_message": ""}}, {"model": "admin.logentry", "pk": 2, "fields": {"action_time": "2023-06-02T18:09:05.975Z", "user": 1, "content_type": 6, "object_id": "5", "object_repr": "j", "action_flag": 3, "change_message": ""}}, {"model": "admin.logentry", "pk": 3, "fields": {"action_time": "2023-06-02T18:09:06.161Z", "user": 1, "content_type": 6, "object_id": "4", "object_repr": "jp", "action_flag": 3, "change_message": ""}}, {"model": "admin.logentry", "pk": 4, "fields": {"action_time": "2023-06-02T18:09:06.316Z", "user": 1, "content_type": 6, "object_id": "3", "object_repr": "riya", "action_flag": 3, "change_message": ""}}, {"model": "admin.logentry", "pk": 5, "fields": {"action_time": "2023-06-02T18:09:33.115Z", "user": 1, "content_type": 6, "object_id": "2", "object_repr": "jay", "action_flag": 2, "change_message": "[{\"changed\": {\"fields\": [\"Mode\", \"User type\", \"Contact\", \"Age\"]}}]"}}, {"model": "admin.logentry", "pk": 6, "fields": {"action_time": "2023-06-06T13:45:14.241Z", "user": 1, "content_type": 6, "object_id": "2", "object_repr": "jay", "action_flag": 2, "change_message": "[{\"changed\": {\"fields\": [\"Active\"]}}]"}}, {"model": "admin.logentry", "pk": 7, "fields": {"action_time": "2023-06-06T13:45:22.549Z", "user": 1, "content_type": 6, "object_id": "2", "object_repr": "jay", "action_flag": 2, "change_message": "[{\"changed\": {\"fields\": [\"Active\"]}}]"}}, {"model": "admin.logentry", "pk": 8, "fields": {"action_time": "2023-06-06T13:52:10.149Z", "user": 1, "content_type": 6, "object_id": "2", "object_repr": "jay", "action_flag": 2, "change_message": "[{\"changed\": {\"fields\": [\"Superuser status\"]}}]"}}, {"model": "admin.logentry", "pk": 9, "fields": {"action_time": "2023-06-06T13:52:19.843Z", "user": 1, "content_type": 6, "object_id": "2", "object_repr": "jay", "action_flag": 2, "change_message": "[{\"changed\": {\"fields\": [\"Superuser status\"]}}]"}}, {"model": "admin.logentry", "pk": 10, "fields": {"action_time": "2023-06-06T13:57:33.428Z", "user": 1, "content_type": 9, "object_id": "1", "object_repr": "Thread object (1)", "action_flag": 1, "change_message": "[{\"added\": {}}]"}}, {"model": "admin.logentry", "pk": 11, "fields": {"action_time": "2023-06-06T13:57:41.547Z", "user": 1, "content_type": 9, "object_id": "2", "object_repr": "Thread object (2)", "action_flag": 1, "change_message": "[{\"added\": {}}]"}}, {"model": "admin.logentry", "pk": 12, "fields": {"action_time": "2023-06-06T14:01:20.564Z", "user": 1, "content_type": 9, "object_id": "2", "object_repr": "Thread object (2)", "action_flag": 3, "change_message": ""}}, {"model": "admin.logentry", "pk": 13, "fields": {"action_time": "2023-06-06T14:12:57.182Z", "user": 1, "content_type": 9, "object_id": "3", "object_repr": "Thread object (3)", "action_flag": 1, "change_message": "[{\"added\": {}}]"}}, {"model": "admin.logentry", "pk": 14, "fields": {"action_time": "2023-06-06T14:13:07.937Z", "user": 1, "content_type": 9, "object_id": "3", "object_repr": "Thread object (3)", "action_flag": 3, "change_message": ""}}, {"model": "admin.logentry", "pk": 15, "fields": {"action_time": "2023-06-06T14:19:33.313Z", "user": 1, "content_type": 9, "object_id": "4", "object_repr": "Thread object (4)", "action_flag": 1, "change_message": "[{\"added\": {}}]"}}, {"model": "admin.logentry", "pk": 16, "fields": {"action_time": "2023-06-06T14:25:32.434Z", "user": 1, "content_type": 9, "object_id": "5", "object_repr": "Thread object (5)", "action_flag": 1, "change_message": "[{\"added\": {}}]"}}, {"model": "admin.logentry", "pk": 17, "fields": {"action_time": "2023-06-06T14:25:36.139Z", "user": 1, "content_type": 9, "object_id": "5", "object_repr": "Thread object (5)", "action_flag": 3, "change_message": ""}}, {"model": "admin.logentry", "pk": 18, "fields": {"action_time": "2023-06-08T11:29:47.243Z", "user": 1, "content_type": 10, "object_id": "1", "object_repr": "riya", "action_flag": 1, "change_message": "[{\"added\": {}}]"}}, {"model": "admin.logentry", "pk": 19, "fields": {"action_time": "2023-06-08T11:29:56.339Z", "user": 1, "content_type": 11, "object_id": "1", "object_repr": "From: jay | To: riya | Accepted: False", "action_flag": 1, "change_message": "[{\"added\": {}}]"}}, {"model": "admin.logentry", "pk": 20, "fields": {"action_time": "2023-06-08T11:46:39.544Z", "user": 1, "content_type": 11, "object_id": "1", "object_repr": "From: jay | To: riya | Accepted: False", "action_flag": 3, "change_message": ""}}, {"model": "admin.logentry", "pk": 21, "fields": {"action_time": "2023-06-08T11:46:46.311Z", "user": 1, "content_type": 10, "object_id": "1", "object_repr": "riya", "action_flag": 3, "change_message": ""}}, {"model": "auth.permission", "pk": 1, "fields": {"name": "Can add log entry", "content_type": 1, "codename": "add_logentry"}}, {"model": "auth.permission", "pk": 2, "fields": {"name": "Can change log entry", "content_type": 1, "codename": "change_logentry"}}, {"model": "auth.permission", "pk": 3, "fields": {"name": "Can delete log entry", "content_type": 1, "codename": "delete_logentry"}}, {"model": "auth.permission", "pk": 4, "fields": {"name": "Can view log entry", "content_type": 1, "codename": "view_logentry"}}, {"model": "auth.permission", "pk": 5, "fields": {"name": "Can add permission", "content_type": 2, "codename": "add_permission"}}, {"model": "auth.permission", "pk": 6, "fields": {"name": "Can change permission", "content_type": 2, "codename": "change_permission"}}, {"model": "auth.permission", "pk": 7, "fields": {"name": "Can delete permission", "content_type": 2, "codename": "delete_permission"}}, {"model": "auth.permission", "pk": 8, "fields": {"name": "Can view permission", "content_type": 2, "codename": "view_permission"}}, {"model": "auth.permission", "pk": 9, "fields": {"name": "Can add group", "content_type": 3, "codename": "add_group"}}, {"model": "auth.permission", "pk": 10, "fields": {"name": "Can change group", "content_type": 3, "codename": "change_group"}}, {"model": "auth.permission", "pk": 11, "fields": {"name": "Can delete group", "content_type": 3, "codename": "delete_group"}}, {"model": "auth.permission", "pk": 12, "fields": {"name": "Can view group", "content_type": 3, "codename": "view_group"}}, {"model": "auth.permission", "pk": 13, "fields": {"name": "Can add content type", "content_type": 4, "codename": "add_contenttype"}}, {"model": "auth.permission", "pk": 14, "fields": {"name": "Can change content type", "content_type": 4, "codename": "change_contenttype"}}, {"model": "auth.permission", "pk": 15, "fields": {"name": "Can delete content type", "content_type": 4, "codename": "delete_contenttype"}}, {"model": "auth.permission", "pk": 16, "fields": {"name": "Can view content type", "content_type": 4, "codename": "view_contenttype"}}, {"model": "auth.permission", "pk": 17, "fields": {"name": "Can add session", "content_type": 5, "codename": "add_session"}}, {"model": "auth.permission", "pk": 18, "fields": {"name": "Can change session", "content_type": 5, "codename": "change_session"}}, {"model": "auth.permission", "pk": 19, "fields": {"name": "Can delete session", "content_type": 5, "codename": "delete_session"}}, {"model": "auth.permission", "pk": 20, "fields": {"name": "Can view session", "content_type": 5, "codename": "view_session"}}, {"model": "auth.permission", "pk": 21, "fields": {"name": "Can add user", "content_type": 6, "codename": "add_customuser"}}, {"model": "auth.permission", "pk": 22, "fields": {"name": "Can change user", "content_type": 6, "codename": "change_customuser"}}, {"model": "auth.permission", "pk": 23, "fields": {"name": "Can delete user", "content_type": 6, "codename": "delete_customuser"}}, {"model": "auth.permission", "pk": 24, "fields": {"name": "Can view user", "content_type": 6, "codename": "view_customuser"}}, {"model": "auth.permission", "pk": 25, "fields": {"name": "Can add post", "content_type": 7, "codename": "add_post"}}, {"model": "auth.permission", "pk": 26, "fields": {"name": "Can change post", "content_type": 7, "codename": "change_post"}}, {"model": "auth.permission", "pk": 27, "fields": {"name": "Can delete post", "content_type": 7, "codename": "delete_post"}}, {"model": "auth.permission", "pk": 28, "fields": {"name": "Can view post", "content_type": 7, "codename": "view_post"}}, {"model": "auth.permission", "pk": 29, "fields": {"name": "Can add chat message", "content_type": 8, "codename": "add_chatmessage"}}, {"model": "auth.permission", "pk": 30, "fields": {"name": "Can change chat message", "content_type": 8, "codename": "change_chatmessage"}}, {"model": "auth.permission", "pk": 31, "fields": {"name": "Can delete chat message", "content_type": 8, "codename": "delete_chatmessage"}}, {"model": "auth.permission", "pk": 32, "fields": {"name": "Can view chat message", "content_type": 8, "codename": "view_chatmessage"}}, {"model": "auth.permission", "pk": 33, "fields": {"name": "Can add thread", "content_type": 9, "codename": "add_thread"}}, {"model": "auth.permission", "pk": 34, "fields": {"name": "Can change thread", "content_type": 9, "codename": "change_thread"}}, {"model": "auth.permission", "pk": 35, "fields": {"name": "Can delete thread", "content_type": 9, "codename": "delete_thread"}}, {"model": "auth.permission", "pk": 36, "fields": {"name": "Can view thread", "content_type": 9, "codename": "view_thread"}}, {"model": "auth.permission", "pk": 37, "fields": {"name": "Can add user profile", "content_type": 10, "codename": "add_userprofile"}}, {"model": "auth.permission", "pk": 38, "fields": {"name": "Can change user profile", "content_type": 10, "codename": "change_userprofile"}}, {"model": "auth.permission", "pk": 39, "fields": {"name": "Can delete user profile", "content_type": 10, "codename": "delete_userprofile"}}, {"model": "auth.permission", "pk": 40, "fields": {"name": "Can view user profile", "content_type": 10, "codename": "view_userprofile"}}, {"model": "auth.permission", "pk": 41, "fields": {"name": "Can add friend request", "content_type": 11, "codename": "add_friendrequest"}}, {"model": "auth.permission", "pk": 42, "fields": {"name": "Can change friend request", "content_type": 11, "codename": "change_friendrequest"}}, {"model": "auth.permission", "pk": 43, "fields": {"name": "Can delete friend request", "content_type": 11, "codename": "delete_friendrequest"}}, {"model": "auth.permission", "pk": 44, "fields": {"name": "Can view friend request", "content_type": 11, "codename": "view_friendrequest"}}, {"model": "contenttypes.contenttype", "pk": 1, "fields": {"app_label": "admin", "model": "logentry"}}, {"model": "contenttypes.contenttype", "pk": 2, "fields": {"app_label": "auth", "model": "permission"}}, {"model": "contenttypes.contenttype", "pk": 3, "fields": {"app_label": "auth", "model": "group"}}, {"model": "contenttypes.contenttype", "pk": 4, "fields": {"app_label": "contenttypes", "model": "contenttype"}}, {"model": "contenttypes.contenttype", "pk": 5, "fields": {"app_label": "sessions", "model": "session"}}, {"model": "contenttypes.contenttype", "pk": 6, "fields": {"app_label": "auth_system", "model": "customuser"}}, {"model": "contenttypes.contenttype", "pk": 7, "fields": {"app_label": "root", "model": "post"}}, {"model": "contenttypes.contenttype", "pk": 8, "fields": {"app_label": "chat", "model": "chatmessage"}}, {"model": "contenttypes.contenttype", "pk": 9, "fields": {"app_label": "chat", "model": "thread"}}, {"model": "contenttypes.contenttype", "pk": 10, "fields": {"app_label": "root", "model": "userprofile"}}, {"model": "contenttypes.contenttype", "pk": 11, "fields": {"app_label": "root", "model": "friendrequest"}}, {"model": "sessions.session", "pk": "a7ib9ehg4a7dx8nruwamg1hk7dxxlo8f", "fields": {"session_data": ".eJxVjEEOwiAQRe_C2hCGYSh16d4zkAGmUjVtUtqV8e7apAvd_vfef6nI21rj1mSJY1FnBer0uyXOD5l2UO483Wad52ldxqR3RR-06etc5Hk53L-Dyq1-6wGSsUBBSLBjRM_JOOg7AkLHhiwZyEG8ZI8DSYCMAUrv2CWLxYN6fwC5RjbL:1q4K0Q:29YxD1kaYgRzuStPGOsrwqdQaR1whSQTBH6UOs0HUzw", "expire_date": "2023-06-14T11:28:42.662Z"}}, {"model": "sessions.session", "pk": "dkg860snekr5fql0lk8hw2tb6t5ru0vm", "fields": {"session_data": ".eJxVjMsOwiAUBf-FtSEFSgGX7v0GcrkPqZo2Ke3K-O_apAvdnpk5L5VhW2veGi95JHVWVp1-twL44GkHdIfpNmucp3UZi94VfdCmrzPx83K4fwcVWv3WgS2CFyaD0fS9lDi4MogEG3zpPQxJYnTUFZsoOehMQoydsJBjJAvq_QH8CzjQ:1q6Xec:gIdO3YVxVnQ4D6n1FogTIz0OExyfLYCmneDL-Fqk9H4", "expire_date": "2023-06-20T14:27:22.292Z"}}, {"model": "sessions.session", "pk": "h1rbessksra7h7enpb16vs7v7rlx3u36", "fields": {"session_data": ".eJxVjEEOwiAQRe_C2hAK1AGX7nsGAjODVA0kpV0Z765NutDtf-_9lwhxW0vYOi9hJnERRpx-txTxwXUHdI_11iS2ui5zkrsiD9rl1Iif18P9Oyixl2_tB9TaMpmslRuSGxOemYAVWA0uWyRwyZONrD2BopxNjkr7ERkUohLvD-raOGo:1q6krI:5NodXHyG9P8WkZNlnIuZbeGKiPsL5RgXM00Ay1XrFKM", "expire_date": "2023-06-21T04:33:20.559Z"}}, {"model": "sessions.session", "pk": "rjbe3687jwiby59084n2osfh2jfq48ei", "fields": {"session_data": ".eJxVjMsOwiAQRf-FtSGUlkdduvcbyAwzSNVAUtqV8d-VpAvd3nPOfYkA-5bD3ngNC4mzmMTpd0OIDy4d0B3KrcpYy7YuKLsiD9rktRI_L4f7d5Ch5W_tjbEEMRHPPMyoElNi1n4g68w0RooJtdHkvbLeKas0MjrS3C0YjXh_ABWXOQI:1q6o12:FcffLRKtvf1FsNtdHx8T3v2zqxwcBGKAwAoytJy-xwo", "expire_date": "2023-06-21T07:55:36.389Z"}}, {"model": "sessions.session", "pk": "sae8srt6hs0zqkdvs2t6rrs4yy19zm44", "fields": {"session_data": ".eJxVjMsOwiAUBf-FtSEFSgGX7v0GcrkPqZo2Ke3K-O_apAvdnpk5L5VhW2veGi95JHVWVp1-twL44GkHdIfpNmucp3UZi94VfdCmrzPx83K4fwcVWv3WgS2CFyaD0fS9lDi4MogEG3zpPQxJYnTUFZsoOehMQoydsJBjJAvq_QH8CzjQ:1q6oDR:RF4cnfuif1rJpSY2y7nKKt8HdzI0PmkiTyBarVMayz0", "expire_date": "2023-06-21T08:08:25.592Z"}}, {"model": "sessions.session", "pk": "ssjy8ag1bjhpkcy1kwbw4vhy5aaxmlrj", "fields": {"session_data": ".eJxVjEEOwiAQRe_C2hCGYSh16d4zkAGmUjVtUtqV8e7apAvd_vfef6nI21rj1mSJY1FnBer0uyXOD5l2UO483Wad52ldxqR3RR-06etc5Hk53L-Dyq1-6wGSsUBBSLBjRM_JOOg7AkLHhiwZyEG8ZI8DSYCMAUrv2CWLxYN6fwC5RjbL:1q7EQm:L-XynLK5r0n7m9eyDLHGB7lQN3665Y0-tgDE5VM4aIo", "expire_date": "2023-06-22T12:07:56.101Z"}}, {"model": "sessions.session", "pk": "timw4i1xj8vz2sb7la7ejd804f7zi8mt", "fields": {"session_data": ".eJxVjEEOwiAQRe_C2hAK1AGX7nsGAjODVA0kpV0Z765NutDtf-_9lwhxW0vYOi9hJnERRpx-txTxwXUHdI_11iS2ui5zkrsiD9rl1Iif18P9Oyixl2_tB9TaMpmslRuSGxOemYAVWA0uWyRwyZONrD2BopxNjkr7ERkUohLvD-raOGo:1q6XJ9:2bNYruaCoWflBKs57sVvHpjWDkKQrfKluzRfec6GpoM", "expire_date": "2023-06-20T14:05:11.178Z"}}, {"model": "root.post", "pk": 1, "fields": {"content": "asdfsdf", "created_at": "2023-06-03T12:06:31.212Z", "user": 1, "video": "", "photo": "", "type": "kids"}}, {"model": "root.post", "pk": 2, "fields": {"content": "sfsfafds", "created_at": "2023-06-03T12:11:46.536Z", "user": 1, "video": "videos/closeup_of_cute_tiny_birds_playful_in_nature_6892248.mp4", "photo": "", "type": "kids"}}, {"model": "root.post", "pk": 3, "fields": {"content": "testing post", "created_at": "2023-06-04T07:55:28.148Z", "user": 2, "video": "videos/closeup_of_cute_tiny_birds_playful_in_nature_6892248_xwP1jWw.mp4", "photo": "photos/fotor-ai-20230523141548_Zyhu5lQ.jpg", "type": "kids"}}, {"model": "root.post", "pk": 4, "fields": {"content": "pig this is pig", "created_at": "2023-06-07T08:01:53.453Z", "user": 2, "video": "videos/closeup_of_cute_tiny_birds_playful_in_nature_6892248_EzSonTU.mp4", "photo": "photos/fotor-ai-20230523141548_ldNmUWe.jpg", "type": "kids"}}, {"model": "auth_system.customuser", "pk": 1, "fields": {"password": "pbkdf2_sha256$320000$1X6CWzQewnmGIRLOv33A7F$/00ZspmXrVnj2L4Do+9pgUNk0xJAPleO9v/yP6T+XFk=", "last_login": "2023-06-08T12:07:55.954Z", "is_superuser": true, "username": "admin", "first_name": "", "last_name": "", "email": "admin@gmail.com", "is_staff": true, "is_active": true, "date_joined": "2023-05-31T11:28:13.887Z", "mode": "kids", "user_type": "customer", "contact": "", "gender": "male", "age": 0, "b_date": "2023-05-31", "about": "dsafdf", "p_img": "", "groups": [], "user_permissions": []}}, {"model": "auth_system.customuser", "pk": 2, "fields": {"password": "pbkdf2_sha256$320000$9TF2WE2schLIVSySUim3oG$nvnj9+fIPrQcUPfFX0Q6eHCAJaC9bfvKm140xd34J/A=", "last_login": "2023-06-08T11:46:56.862Z", "is_superuser": false, "username": "jay", "first_name": "Jay Patel", "last_name": "", "email": "jayp15813@gmail.com", "is_staff": false, "is_active": true, "date_joined": "2023-06-01T17:15:31Z", "mode": "adult", "user_type": "manager", "contact": "9662449192", "gender": "male", "age": 21, "b_date": "2001-11-20", "about": "m ipsum dolor sit amet, consectetur adipiscing elit. Morbi nulla dolor, ornare at commodo non, feugiat non nisi. Phasellus faucibus mollis pha", "p_img": "", "groups": [], "user_permissions": []}}, {"model": "auth_system.customuser", "pk": 3, "fields": {"password": "pbkdf2_sha256$320000$zWzwXYkgexjOyNRxXsgQRO$Q0P2e90sr17nwp7QJo3O8UqQVhc21gRIwZJ2ne7/8YU=", "last_login": "2023-06-07T04:33:20.410Z", "is_superuser": false, "username": "riya", "first_name": "Riya", "last_name": "", "email": "riya@gmail.com", "is_staff": false, "is_active": true, "date_joined": "2023-06-03T13:05:22.253Z", "mode": "kid", "user_type": "user", "contact": "", "gender": "female", "age": 20, "b_date": "2002-08-25", "about": "adipiscing elit. Morbi nulla dolor, ornare at commodo non, feugiat non nisi. Phasellus faucibus mollis pharetra. Proin blandit ac massa sed rhoncus", "p_img": "photos/fotor-ai-20230523141548.jpg", "groups": [], "user_permissions": []}}, {"model": "auth_system.customuser", "pk": 4, "fields": {"password": "pbkdf2_sha256$320000$zIAYjogkygPGN0nezMgcjR$eBrBQe9YK02WLtVqfk5QZpSGCMywOF1W3gq7TYpNuZQ=", "last_login": "2023-06-07T07:55:36.243Z", "is_superuser": false, "username": "mohit", "first_name": "mohit patel", "last_name": "", "email": "mohit@gmail.com", "is_staff": false, "is_active": true, "date_joined": "2023-06-06T14:18:58.183Z", "mode": "adult", "user_type": "user", "contact": "", "gender": "male", "age": 21, "b_date": "2001-12-06", "about": null, "p_img": "photos/pt-1.jpg", "groups": [], "user_permissions": []}}, {"model": "chat.thread", "pk": 1, "fields": {"first_person": 2, "second_person": 3, "updated": "2023-06-06T13:57:33.424Z", "timestamp": "2023-06-06T13:57:33.424Z"}}, {"model": "chat.thread", "pk": 4, "fields": {"first_person": 2, "second_person": 4, "updated": "2023-06-06T14:19:33.310Z", "timestamp": "2023-06-06T14:19:33.310Z"}}, {"model": "chat.chatmessage", "pk": 1, "fields": {"thread": 1, "user": 2, "message": "hiiii", "timestamp": "2023-06-06T14:00:55.091Z"}}, {"model": "chat.chatmessage", "pk": 2, "fields": {"thread": 1, "user": 2, "message": "dsafd", "timestamp": "2023-06-06T14:02:21.454Z"}}, {"model": "chat.chatmessage", "pk": 3, "fields": {"thread": 1, "user": 2, "message": "kem chhe", "timestamp": "2023-06-06T14:05:49.379Z"}}, {"model": "chat.chatmessage", "pk": 4, "fields": {"thread": 1, "user": 3, "message": "bs majama", "timestamp": "2023-06-06T14:05:52.724Z"}}, {"model": "chat.chatmessage", "pk": 5, "fields": {"thread": 4, "user": 2, "message": "hy bro", "timestamp": "2023-06-06T14:20:15.752Z"}}, {"model": "chat.chatmessage", "pk": 6, "fields": {"thread": 4, "user": 4, "message": "hyy how are you", "timestamp": "2023-06-06T14:20:22.848Z"}}, {"model": "chat.chatmessage", "pk": 7, "fields": {"thread": 4, "user": 4, "message": "project puro thai gayo", "timestamp": "2023-06-06T14:21:44.413Z"}}, {"model": "chat.chatmessage", "pk": 8, "fields": {"thread": 4, "user": 2, "message": "na baki chhe", "timestamp": "2023-06-06T14:21:48.432Z"}}, {"model": "chat.chatmessage", "pk": 9, "fields": {"thread": 4, "user": 4, "message": "kyare puru thase ", "timestamp": "2023-06-06T14:22:00.507Z"}}, {"model": "chat.chatmessage", "pk": 10, "fields": {"thread": 4, "user": 2, "message": "like 6 days", "timestamp": "2023-06-06T14:22:06.427Z"}}, {"model": "chat.chatmessage", "pk": 11, "fields": {"thread": 4, "user": 4, "message": "okay thanks", "timestamp": "2023-06-06T14:22:14.355Z"}}, {"model": "chat.chatmessage", "pk": 12, "fields": {"thread": 4, "user": 2, "message": "atyare msg nu kam chalu chhe", "timestamp": "2023-06-06T14:22:26.276Z"}}, {"model": "chat.chatmessage", "pk": 13, "fields": {"thread": 4, "user": 4, "message": "nicee keep going", "timestamp": "2023-06-06T14:22:30.682Z"}}, {"model": "chat.chatmessage", "pk": 14, "fields": {"thread": 4, "user": 4, "message": "hi", "timestamp": "2023-06-06T14:22:55.498Z"}}, {"model": "chat.chatmessage", "pk": 15, "fields": {"thread": 4, "user": 2, "message": "asdfsdf", "timestamp": "2023-06-06T14:23:15.347Z"}}, {"model": "chat.chatmessage", "pk": 16, "fields": {"thread": 4, "user": 2, "message": "kem chhe", "timestamp": "2023-06-06T14:24:31.071Z"}}, {"model": "chat.chatmessage", "pk": 17, "fields": {"thread": 4, "user": 4, "message": "afds", "timestamp": "2023-06-06T14:24:51.769Z"}}, {"model": "chat.chatmessage", "pk": 18, "fields": {"thread": 4, "user": 2, "message": "okay chal by", "timestamp": "2023-06-06T14:27:39.995Z"}}, {"model": "chat.chatmessage", "pk": 19, "fields": {"thread": 1, "user": 2, "message": "hello good morning", "timestamp": "2023-06-07T04:34:26.778Z"}}, {"model": "chat.chatmessage", "pk": 20, "fields": {"thread": 1, "user": 3, "message": "very good morning", "timestamp": "2023-06-07T04:34:44.392Z"}}, {"model": "chat.chatmessage", "pk": 21, "fields": {"thread": 1, "user": 3, "message": "jjkdsf", "timestamp": "2023-06-07T04:34:51.907Z"}}, {"model": "chat.chatmessage", "pk": 22, "fields": {"thread": 1, "user": 2, "message": "adsfds", "timestamp": "2023-06-07T04:34:54.746Z"}}, {"model": "chat.chatmessage", "pk": 23, "fields": {"thread": 4, "user": 4, "message": "hy buddyyy", "timestamp": "2023-06-07T07:56:14.817Z"}}, {"model": "chat.chatmessage", "pk": 24, "fields": {"thread": 4, "user": 2, "message": "hy bro", "timestamp": "2023-06-07T07:56:22.868Z"}}, {"model": "chat.chatmessage", "pk": 25, "fields": {"thread": 4, "user": 4, "message": "jdskfsdkjf", "timestamp": "2023-06-07T07:57:33.734Z"}}, {"model": "chat.chatmessage", "pk": 26, "fields": {"thread": 4, "user": 4, "message": "hi harsh", "timestamp": "2023-06-07T07:57:38.676Z"}}, {"model": "chat.chatmessage", "pk": 27, "fields": {"thread": 4, "user": 4, "message": "hy jay gohel", "timestamp": "2023-06-07T07:57:49.768Z"}}, {"model": "chat.chatmessage", "pk": 28, "fields": {"thread": 4, "user": 4, "message": "hii nishit", "timestamp": "2023-06-07T08:09:14.976Z"}}, {"model": "chat.chatmessage", "pk": 29, "fields": {"thread": 4, "user": 2, "message": "hello jay", "timestamp": "2023-06-07T08:09:20.728Z"}}, {"model": "chat.chatmessage", "pk": 30, "fields": {"thread": 4, "user": 2, "message": "kem chhe", "timestamp": "2023-06-07T08:09:38.591Z"}}, {"model": "chat.chatmessage", "pk": 31, "fields": {"thread": 4, "user": 2, "message": "hy mohit", "timestamp": "2023-06-08T08:31:07.715Z"}}, {"model": "chat.chatmessage", "pk": 32, "fields": {"thread": 4, "user": 4, "message": "kam puru thayu ke na", "timestamp": "2023-06-08T08:31:18.251Z"}}, {"model": "chat.chatmessage", "pk": 33, "fields": {"thread": 4, "user": 2, "message": "thai gayu ", "timestamp": "2023-06-08T08:31:26.392Z"}}, {"model": "chat.chatmessage", "pk": 34, "fields": {"thread": 4, "user": 2, "message": "bt haju work baki chhe ", "timestamp": "2023-06-08T08:31:55.809Z"}}, {"model": "chat.chatmessage", "pk": 35, "fields": {"thread": 4, "user": 4, "message": "okay thats graate keep working", "timestamp": "2023-06-08T08:32:05.514Z"}}]